Date,EW,GMV,GMR,MD,MV,MSV,SemiV,WUBC,WLBC,WUBC_Alt,FSD,SSD,SRF_LP,DMV,DMV_Yager,DMV_Return,DMV_Vars,EWMV,RP,HRP,CVaR,MAD
2021-04-30,0.033041932060396524,0.01551730874887745,0.057417534472796225,0.022822086689117886,0.022356289702205268,0.02713909130101776,0.05741753301318578,0.02400461423460281,0.04035461153345334,0.02435918142360065,0.035969350527121816,0.05213660330816506,0.057417534472796225,0.034106601639349116,0.03304193206192436,0.03195996126494198,0.02825056948956531,0.031973367824577395,0.025249850281164384,0.021857875050615497,0.005214468797366419,0.01555495390042561
2021-05-31,0.0200435064555112,0.014017552171260512,-0.012084924253782795,0.016034851939924044,0.010034266378162526,0.024558266175783286,-0.01208492129884212,0.016579559425402984,0.010404977319799964,0.01683347607092844,0.0021273469248239128,-0.008977389965743128,-0.012084924253782795,0.021666889315456704,0.020043506457648307,0.013891698846382179,0.016222690510471666,0.01904258244777635,0.016041920662407717,0.01362077072043287,0.006099080302976881,0.007509011843039728
2021-06-30,0.006910578256007308,0.012449976719875116,0.01851732268562168,0.006485216185039032,0.015132818315714081,0.0036110207880168206,0.018517306493584046,0.009561838849398416,0.01039259324571672,0.009046739513902283,0.01561433623665283,0.01819885832108158,0.01851732268562168,0.005364152453712426,0.006910578237498492,0.009217800534822717,0.011358780001948478,0.007732802261977957,0.00993195165296798,0.013733514440854612,0.0033259481821662175,0.009463322611659655
2021-07-31,0.00633516490423423,0.011184102579617524,-0.03694739369593722,0.013080907934263848,-0.019768784639995127,0.0027077607271014893,-0.03694732089450798,-0.0004451407729117382,-0.0025880856056787306,0.0009353994415468064,-0.030461712515981242,-0.03657945763455053,-0.03694739369593722,-0.0018092782540900317,0.006335164876857636,0.004149719212485362,0.0010457088578517688,0.0037247699498112945,0.0089949838867155,0.006840099567213853,-0.031667002185088375,0.013184150315961556
2021-08-31,0.005652019629032728,0.003633831977647963,-0.01654629131267524,0.004423203737612119,0.007995844420904246,0.007207315147036961,-0.016546285341324855,0.012311307884138919,-0.0010074735473709863,0.01263757564959077,0.015109238622780487,-0.0024196087989218212,-0.0034371478858700065,0.008708557800420869,0.005652019634099644,0.00806937127828739,0.013516560777347671,0.005886402108219876,0.006147596030608105,0.004754270302060292,0.00986619905797085,0.0034786010656250306
2021-09-30,-0.02747201124683627,-0.010411214707258951,-0.029226440332531987,-0.0127317258592919,-0.02008902490993964,-0.027840127119171904,-0.029226434920401074,-0.024104789772329382,-0.0267587116499654,-0.02420950212352982,-0.036137481094112855,-0.028553258700946813,0.0032652959709078624,-0.02920854304303445,-0.02747201124964469,-0.02325362940614196,-0.02319925226330424,-0.026733712613146637,-0.02147522726961603,-0.0156140415434199,0.0015302007344261026,-0.0052478720397794365
2021-10-31,0.032426098103641464,0.004069812672964942,0.056359789975823776,0.010782715045899456,0.04068037982270584,0.037815966927828154,0.05635978888497778,0.0342720248503049,0.03960620540339676,0.03540287065047863,0.05295304269761961,0.050899605055828925,0.050004910832644175,0.03881327629703594,0.032426098114448104,0.03343886620854792,0.033439334553975505,0.033251526275547894,0.02116368443490836,0.0174681107727701,-0.0064804639571751635,-0.005418973595610001
2021-11-30,-0.02125472975254332,-0.01081981016061862,-0.09166339322119542,-0.014173022419545645,-0.06642440107279879,-0.030958730047329918,-0.09166339139220533,-0.028109154443976915,-0.042377328507846354,-0.02822645144944385,-0.05340469641853788,-0.08765718371452393,-0.07546496056043549,-0.029637084520750253,-0.021254729768523713,-0.03299152221859926,-0.025971490394513665,-0.02577169688456885,-0.01518114067728946,-0.010852070974610935,-0.018389792158056945,-0.009329074688629417
2021-12-31,0.0267684934310749,0.012968214740165997,0.06460270792625562,0.01607175578655037,0.04469950811645756,0.03549846759062216,0.06460270487210168,0.03444685436085322,0.03777014060904276,0.03463548852946748,0.028594950919471306,0.04838628384815697,0.0388390480939776,0.03586269349300416,0.02676849344341005,0.030092991403907577,0.03171608090799867,0.02856159489961316,0.02052475303767926,0.013986101507922006,0.01225480311690037,0.01687860021623052
2022-01-31,-0.03669849951952471,-0.022751661537451257,0.07596235217264781,-0.024278525710050673,-0.019865507473856372,-0.04020018517189516,0.07596230296518752,-0.04062298321220232,-0.002900244514249901,-0.041002833902209504,-0.03684081695272555,0.07596235217264781,-0.0002565892256540317,-0.04038674898404006,-0.036698499524481426,-0.024087760634973684,-0.036211007928717856,-0.03501520031495787,-0.033108623637551585,-0.029009020573539615,-0.03191481537402777,-0.02426513908559374
2022-02-28,-0.004363339179327288,-0.007151259651916612,0.0626690956453927,-0.0018795752087471173,0.028869106278574738,-0.01624413833361343,0.06266909528233094,-0.014360937253131298,0.015746391110591725,-0.014576358853665795,0.008850343922084848,0.0626690956453927,0.0626690956453927,-0.004040551324025475,-0.0043633391783529105,0.026305218546353835,-0.004763899659465462,-0.001040094633537088,-0.005717554419527253,-0.009672147430051785,0.0038750249025244717,-0.0009735019558821614
2022-03-31,0.005193115806239651,-0.01800719519386699,0.08777901153599968,-0.010562582679319848,0.07779027466227968,0.04815853914753897,0.08777900880131091,0.018101676318618917,0.029968884509970335,0.01747100159449806,0.05314408600581949,0.08777901153599968,0.08777901153599968,0.021545514798355515,0.005193115827487014,0.04724775324884244,0.020240589773581345,0.012452831691843646,-0.00474843371734694,-0.012914162168411047,-0.006262130856166,-0.010505615104945864
2022-04-30,-0.06431101288550345,-0.04767096647056215,0.05487488818742821,-0.04906554762417091,0.019694933639250782,-0.051712351842713146,0.05487488801029514,-0.05772577581045456,-0.028555242715629002,-0.05747319706678569,-0.05782071791422669,0.05487488818742821,0.05487488818742821,-0.0514963192557445,-0.06431101286623638,-0.002047622797098104,-0.04055535341750874,-0.0559104182330282,-0.058509462191832326,-0.0573506478358418,-0.03426877517934938,-0.033927713866479636
2022-05-31,-0.002958617465294914,0.01310940970359685,0.04509893565790356,0.009156875076553179,0.027160070999486856,-0.001936965915576335,0.045098930970509286,0.0031069536334402768,0.011458648413537897,0.003040779261136539,-0.011465655867026286,0.04509893565790356,0.04509893565790356,8.199533849812327e-05,-0.00295861745959905,0.020179387361404316,0.005621459017200079,5.3251381183262725e-05,0.0037035292057489115,0.006427970364856912,-0.0008490268890342153,0.01901438022964573
2022-06-30,-0.06183848739153014,-0.04392241056210587,-0.0779616053832503,-0.04406255060836835,-0.07857783221188291,-0.051374828323768315,-0.07796160536544104,-0.05697236531211191,-0.06667542278676276,-0.05941940849432664,-0.07394094275449004,-0.0779616053832503,-0.0779616053832503,-0.064754281615677,-0.06183848739584606,-0.07357752161928939,-0.06093075655810072,-0.06351242187356534,-0.0555557438669077,-0.053266945620822015,-0.024895270221347923,-0.04975025042663828
2022-07-31,0.04386058449373409,0.015013878080563096,-0.020095336180222197,0.006629485988797507,-0.010563118826843569,0.048962668610384306,-0.020095335933687123,0.03434011773679126,0.024673808308367087,0.03718648910156704,0.02096129460114516,-0.020095336180222197,-0.020095336180222197,0.034947479788624405,0.04386058448072935,0.019815136852705143,0.024011848234787463,0.03841821416167632,0.03299110381297135,0.03064809491054226,-1.9858156649841738e-05,0.02283848081273966
2022-08-31,-0.046762761907662376,-0.030896496651618068,-0.01504955721505441,-0.031005962810564835,-0.025208492721656928,-0.04851055594719603,-0.01504955827115384,-0.03838550902420752,-0.037248800518050476,-0.04055966398253639,-0.03646973618967748,-0.01504955721505441,-0.01504955721505441,-0.04166491069405337,-0.046762761900220357,-0.03286025590940239,-0.036253404168636996,-0.044607334989061824,-0.04125086861550213,-0.040129132865971924,-0.032193568555072036,-0.030366083076093807
2022-09-30,-0.0748071752922947,-0.06601351995268452,-0.07297209903104201,-0.07209344994719036,-0.060088831822461455,-0.06723115113039144,-0.07297209905360877,-0.07865160195190335,-0.07425665241488047,-0.07711472171868619,-0.07843667560874179,-0.07297209903104201,-0.07297209903104201,-0.07779940254611212,-0.07480717529528934,-0.07776332350610654,-0.07843733055430542,-0.07333534094531137,-0.06988536303579097,-0.06711956976767038,-0.04585392657062208,-0.05181206787186284
2022-10-31,0.02352333931273516,-0.007152554267407248,0.04936760430222196,-0.006364342238008178,0.01263295133608993,0.021535318928928487,0.04936760353760811,0.0068904206486055195,0.031276618781766165,0.009327527503421537,0.03012812381863204,0.04936760430222196,0.04936760430222196,0.025787227720722224,0.023523339315698614,0.015993081502846205,0.01947156795007662,0.022434300515070643,0.010791397620910005,-0.0014799428533270181,-0.014981654706992406,-0.0077581139116678875
2022-11-30,0.07268679064004209,0.0587650489483355,0.01462187015277862,0.06137644884268813,0.03359278490351486,0.07715332298521621,0.014621870515649654,0.0736969984669368,0.055267314495152105,0.07239196598981423,0.038670247913633396,0.01462187015277862,0.01462187015277862,0.061637616560964316,0.07268679062486536,0.060875887394956,0.06593604492286038,0.06877739006638951,0.0724390537834253,0.07263724360726935,0.07946283459508745,0.04800153127513912
2022-12-31,-0.02410096974857781,-0.0073429993333269635,-0.02748958830099842,-0.013208008407035081,-0.0056404515280638265,-0.031030640530412497,-0.027489584285863063,-0.015254963445849413,-0.025117555242056503,-0.015126595219810206,-0.02075159578868723,-0.02748958830099842,-0.02748958830099842,-0.01943507949255002,-0.024100969742401092,-0.0175766992988984,-0.012998741064300053,-0.02225491792652641,-0.018240310488366523,-0.011842466097316793,0.02705902884847787,-0.004571639681865764
2023-01-31,0.06140175265336708,0.038504731477824274,0.008885389682316966,0.03755295687093866,0.03522164246533267,0.07280299774526554,0.008885389920950434,0.04755572901120494,0.04564684502716728,0.04804335620154866,0.049838742371862796,0.008885389682316966,0.03603400992288312,0.05055064153785481,0.06140175263880168,0.04987270900592626,0.04346564816994121,0.05878374163456363,0.05398301685603202,0.04901598959436143,0.053382672874367876,0.03706896125916406
2023-02-28,-0.04451810290463003,-0.03875132944184778,-0.045658787818003886,-0.05652316188884993,-0.05032207970565006,-0.03229127686902694,-0.04565878785666489,-0.04965382461974189,-0.04486030849120904,-0.049859101910025024,-0.04006985321260233,-0.045658787818003886,-0.045658787818003886,-0.048282380356762106,-0.04451810291012212,-0.046967792050851,-0.05397092771549496,-0.045098500584731985,-0.0466096986725845,-0.04345823824824183,-0.0555402951599017,-0.0417692653250223
2023-03-31,0.03691520456290846,0.033601652040125524,-0.0008420919023170473,0.038446998597154676,0.0314277753416866,0.043411929990516504,-0.0008420917540038706,0.03815686506377629,0.025588015868241352,0.03898488239895403,0.04136680717110995,-0.0008420919023170473,-0.0008420919023170473,0.035829423593675115,0.03691520456162182,0.03504740344488674,0.03905604448047942,0.03636646164078627,0.037308746649721475,0.0381017396872179,0.04603817855603979,0.04131803837261736
2023-04-30,0.007152126724964382,0.0031998632451134025,0.008586552399379279,0.003022515990435944,0.0021822613882863657,0.0043681454998462915,0.008586552059905155,0.007754001557754779,0.006039706872700158,0.007007079044315387,0.008832086541667542,0.008586552399379279,0.004115829500492451,0.008636267155929455,0.007152126726899362,0.008495944999915838,0.008459763447680178,0.00665514019129658,0.005811528452883253,0.004965986510358503,0.005746215851836908,0.004890348925514959
2023-05-31,-0.01814094530066823,-0.02810807737720031,-0.05256284694664145,-0.04154973066399841,-0.028446063472805642,-0.030128194911341222,-0.035473659203004666,-0.025065538948933624,-0.017036315450284143,-0.02475052553542085,-0.012191513021705472,-0.03701370958317474,-0.030322551141612412,-0.019480535535503236,-0.018140945302504374,-0.01812036313997012,-0.027748448084229608,-0.01917145711788197,-0.0227899856404796,-0.021669741283024846,-0.013217574750584484,-0.025271887243571288
2023-06-30,0.027011897397242714,0.0016269276367251104,-0.022464146253960347,0.017164879648574688,-0.004635868840617972,0.030623617046599286,-0.022464142860953478,0.01836679747599118,0.012169084510645727,0.01904682819723024,0.020430577929514488,-0.022464146253960347,-0.010914380907574857,0.02470695818468213,0.027011897394262584,0.01938547025128867,0.02082708011480154,0.02384712077345664,0.021009558073296266,0.014536329172605623,-0.004407636555030958,-0.008166409248824415
2023-07-31,0.03066210700528904,0.022397094698601527,0.037874817420673446,0.04944698983270483,0.011764896570505555,0.04505737669680898,0.03787481720761758,0.034404578287514656,0.03282591970344223,0.03267378131755683,0.026733198775936957,0.03364626116524592,0.02376326973587596,0.030393409420410432,0.030662107005012602,0.03279315241658789,0.03192085875262143,0.028772385961810684,0.028793899759188772,0.02225211987714116,0.013112704691175783,0.019595193229297245
2023-08-31,-0.023987623737703787,-0.005630365265262992,-0.01494105601849198,-0.024855918014775026,-0.013415678939645837,-0.03972985222424255,-0.014941056198427127,-0.016672405276767197,-0.021253243246797147,-0.01758070356528653,-0.019691294815558986,-0.014046139051000654,-0.013478294155759157,-0.02418875120241898,-0.02398762373792613,-0.02223377576574276,-0.020348910146268665,-0.022930429257897973,-0.020330187480512102,-0.01675889288415442,-0.006600783742110896,-0.006757395819440474
2023-09-30,-0.04523742632435443,-0.01980177648905106,-0.05213446531219561,-0.05021753243763924,-0.038572143726800796,-0.055257327675232136,-0.052134465477943225,-0.03974408138708227,-0.04730653818728689,-0.04217292930215266,-0.04720786410483645,-0.06156478367310175,-0.07623050016231186,-0.04636009299544881,-0.045237426326077815,-0.04471669614632765,-0.046837906866914324,-0.044570898064599074,-0.04138909880498605,-0.03363680378437699,-0.028650606952004557,-0.02705493005376105
2023-10-31,-0.018940488723375726,-0.012652830391220936,-0.0208709814507865,-0.0197187688679091,0.010063001610650815,-0.0375109860781836,-0.020870967318747782,-0.010721967540990467,-0.01859568195535638,-0.009435541593686694,0.008369147636525753,0.02108843250517494,0.03697845297914075,-0.014029513836440126,-0.0189404887166282,-0.013255106344533427,-0.012156937783617698,-0.016040139689973067,-0.016609660627025506,-0.01627322243367354,0.024580557672146734,-0.017466612786357194
2023-11-30,0.06986690294044612,0.03477430104222551,0.09756085864070468,0.05238530930635068,0.05283984121534693,0.085384671460094,0.09756085607072462,0.06063850581738239,0.07821134569180607,0.06063051113751183,0.07483404964619994,0.09507107983018616,0.0998461159744293,0.06889755845450654,0.06986690293964928,0.06429362680799092,0.06660291084609084,0.0681641967679362,0.061697040381519186,0.04970327635645358,0.052466562096525386,0.042701488896350406
2023-12-31,0.0391359225633198,0.01613038905039396,0.05436478400797584,0.019416108574300456,0.03533883327729304,0.029549703249221047,0.054364782507314885,0.02445895627097924,0.04370458089185306,0.02812285346581052,0.028530908253887495,0.04862125389114381,0.05436478400797584,0.03561932982664777,0.039135922558477296,0.040110067651834246,0.030817229978506083,0.038756213634717124,0.03234123827050457,0.025061106659032814,0.03243655673034465,0.032417789096717164
